clock_name,period
clk,250.000000
clk,250.000000
