clock_name,period
clk,850.000000
clk,850.000000
