clock_name,period
clk,200.000000
clk,200.000000
