clock_name,period
clk,320.000000
clk,320.000000
