clock_name,period
clk,260.000000
clk,260.000000
